param,switch,channel,median_diff_dB,median_0-2GHz,median_2-6GHz,median_6-10GHz
S21,SN77,RF1,-0.31,-0.10,-0.31,-0.68
S21,SN78,RF1,-0.32,-0.08,-0.31,-0.71
S21,SN77,RF2,-0.32,-0.10,-0.32,-0.67
S21,SN78,RF2,-0.29,-0.09,-0.30,-0.63
S21,SN77,RF3,-0.32,-0.15,-0.39,-0.71
S21,SN78,RF3,-0.32,-0.13,-0.36,-0.66
S21,SN77,RF4,-0.33,-0.14,-0.34,-0.71
S21,SN78,RF4,-0.32,-0.13,-0.32,-0.74
S21,SN77,RF5,-0.33,-0.14,-0.34,-0.67
S21,SN78,RF5,-0.32,-0.14,-0.32,-0.68
S21,SN77,RF6,-0.36,-0.12,-0.37,-0.72
S21,SN78,RF6,-0.44,-0.10,-0.39,-0.96
S11,SN77,RF1,2.84,3.67,1.71,3.55
S11,SN78,RF1,2.80,3.19,1.78,4.31
S11,SN77,RF2,2.50,3.13,1.84,2.99
S11,SN78,RF2,2.44,2.79,2.23,3.30
S11,SN77,RF3,2.64,4.90,1.59,0.67
S11,SN78,RF3,2.84,4.26,1.78,1.48
S11,SN77,RF4,2.98,4.81,1.15,1.70
S11,SN78,RF4,3.31,4.14,1.38,2.72
S11,SN77,RF5,2.52,4.41,1.31,1.15
S11,SN78,RF5,2.59,3.90,1.30,2.02
S11,SN77,RF6,2.90,4.37,1.86,1.75
S11,SN78,RF6,3.45,3.92,1.78,4.26
